utt_id	source	method	score	old	new
vertin_01_00001	1	tidy		It 's raining . No , it is not . It 's the storm . The storm is coming .	It's raining. No, it is not. It's the storm. The storm is coming.
vertin_01_00002	1	tidy		Go ahead , please . I 'm not like you , and you know that well . I haven 't been trained systematically for the battle of Ar can um . My class mate , you are a careful reader . I 'll help you out . Don 't worry .	Go ahead, please. I'm not like you, and you know that well. I haven't been trained systematically for the battle of Arcanum. My classmate, you are a careful reader. I'll help you out. Don't worry.
vertin_01_00003	1	tidy		F ifty minutes left . Come on , let 's move . This is found them enemy at your one now . Indeed , you still have forty - five minutes .	Fifty minutes left. Come on, let's move. This is found them enemy at your one now. Indeed, you still have forty - five minutes.
vertin_01_00004	1	tidy		I 'll do my best to help before the storm . Now everyone get ready to break through . Reg ulus , you 're doing this too . Son ato . Ass ist me , please	I'll do my best to help before the storm. Now everyone get ready to break through. Regulus, you're doing this too. Sonetto. Assist me, please
vertin_01_00005	1	tidy		. The breach is behind us . The alley towards King 's Road . [vocal] Any one hurt ?	The breach is behind us. The alley towards King's Road. anyone hurt?
vertin_01_00006	1	tidy		care ful These are different riot ers . The way ahead of us is blocked . Take them down first . Son ato . Keep assisting me , please . She must be in such a rush that she even forgot her stuff . What are you	Careful These are different rioters. The way ahead of us is blocked. Take them down first. Sonetto. Keep assisting me, please. She must be in such a rush that she even forgot her stuff. What are you
vertin_01_00007	1	tidy		going to do after Reg ulus 's registration ? The storm is about to come . you haven 't seen the storm yet right Have you found out where she usually shows up ? And who knows her ?	Going to do after Regulus's registration? The storm is about to come. you haven't seen the storm yet right Have you found out where she usually shows up? And who knows her?
vertin_01_00008	1	tidy		I see . Let 's go , son ato . It 's okay . I have my own mission . Al so in King ly Court .	I see. Let's go, Sonetto. It's okay. I have my own mission. Also in King ly Court.
vertin_01_00009	1	tidy		Are you talking about Reg ulus of the apple ? I 'm her friend . She left something here . Thank you very much for your assistance . Do you like the world outside , Son net	Are you talking about Regulus of the apple? I'm her friend. She left something here. Thank you very much for your assistance. Do you like the world outside, Sonetto
vertin_01_00010	1	tidy		to ? She doesn 't look right . She 's pale . I 'll go check . It 's the mist y bubble ball , you know how to use it , right ? I need your help before that	To? She doesn't look right. She's pale. I'll go check. It's the mist y bubble ball, you know how to use it, right? I need your help before that
vertin_01_00011	1	tidy		. I 'll help you out . I 'll see you in the bookstore on Oxford Street now . Push me , protect your eyes . Sen eto , are	I'll help you out. I'll see you in the bookstore on Oxford Street now. Push me, protect your eyes. Sonetto, are
vertin_01_00012	1	tidy		you still searching ? The storm is coming . If you don 't go back now . It 'll be too late . Ex actly . Isn 't it the bookstore ?	You still searching? The storm is coming. If you don't go back now. It'll be too late. Exactly. Isn't it the bookstore?
vertin_01_00013	1	tidy		The un im pro ved mist y bubble ball has a special scent . Son ata will be here any minute . relax I 'm not going to take you to the foundation . I ask you to go somewhere safe with me . reg ulars	The unimproved mist y bubble ball has a special scent. Sonetto will be here any minute. relax I'm not going to take you to the foundation. I ask you to go somewhere safe with me. reg ulars
vertin_01_00014	1	tidy		I need you to . Bra ve the storm with me . sh h She 's here . I 'm sorry . In ten minutes . You can see something 's weird .	I need you to. Brave the storm with me. Shh She's here. I'm sorry. In ten minutes. You can see something's weird.
vertin_01_00015	1	tidy		Which proves you the one I am looking for . En ough . Stop running . The storm is here . Look at the world . with your own eyes	Which proves you the one I am looking for. Enough. Stop running. The storm is here. Look at the world. with your own eyes
vertin_01_00016	1	tidy		It 's right . It 's just . The end of an era and you survived . You 've bra ved the storm . My experiment succeeded	It's right. It's just. The end of an era and you survived. You've bra ved the storm. My experiment succeeded
vertin_01_00017	1	tidy		. Thanks for your help . Rel ax , regul us . I will tell you , but not here . Say this with me , ne ill o mild e and d ion bon an no ct on	Thanks for your help. Relax, Regulus. I will tell you, but not here. Say this with me, ne ill o mild e and d ion bon an no ct on
vertin_01_00018	1	tidy		. Take my hand , let me tell . Take you into the suitcase . Cl ose your eyes . F ollow me all the way down the road to the depths of the suitcase .	Take my hand, let me tell. Take you into the suitcase. Close your eyes. Follow me all the way down the road to the depths of the suitcase.
vertin_01_00019	1	tidy		A safe place , an ark sailing in the storm , no traces here . A good place for talking . Please allow me to re introdu ce myself . I 'm from st	A safe place, an ark sailing in the storm, no traces here. A good place for talking. Please allow me to reintroduce myself. I'm from st
vertin_01_00020	1	tidy		. Pav lov Foundation . S ame place as the investigators you have met . that 's where we grew up my position is the time keeper People who record the time of the outside world .	Pavlov Foundation. Same place as the investigators you have met. that's where we grew up my position is the Timekeeper People who record the time of the outside world.
vertin_01_00021	1	tidy		that is People who record the beginnings and ends of er as . yes I took this photo several days ago . He was selling the Hoover upright vacuum clean ers in the West End . And thought photos would help his business .	That is People who record the beginnings and ends of eras. yes I took this photo several days ago. He was selling the Hoover upright vacuum cleaners in the West End. And thought photos would help his business.
vertin_01_00022	1	tidy		So he gladly took this . This is Marion Smith . A single mother . She was worried if she could afford their lunch for the weekend .	So he gladly took this. This is Marion Smith. A single mother. She was worried if she could afford their lunch for the weekend.
vertin_01_00023	1	tidy		But still couldn 't give up her dream of being a writer . I met her in a snack bar at 2 a . m . Her one act play about the Trans Antarctica expedition was a real masterpiece . This is Julie . Who once invited me to her house .	But still couldn't give up her dream of being a writer. I met her in a snack bar at 2 a. m. Her one act play about the Trans Antarctica expedition was a real masterpiece. This is Julie. Who once invited me to her house.
vertin_01_00024	1	tidy		Her bedroom wall was full of r ave llo posters . The FIFA World Player of the Year . Who then became the mass idol . That 's the story for a long . L ong time to come . these photos	Her bedroom wall was full of Ravello posters. The FIFA World Player of the Year. Who then became the mass idol. That's the story for a long. L ong time to come. these photos
vertin_01_00025	1	tidy		d ating back as far as nineteen ninety nine That is our time . Our time seems to be going backwards , Reg ulus . From the countdown to millenn ium . The	Dating back as far as nineteen ninety nine That is our time. Our time seems to be going backwards, Regulus. From the countdown to millennium. The
vertin_01_00026	1	tidy		explosion of a super nova in the eight ies . To the unve iling of V HS . and after this I met you . In the nineteen sixt ies . maybe	Explosion of a supernova in the eighties. To the unveiling of V HS. and after this I met you. In the nineteen sixties. maybe
vertin_01_00027	1	tidy		I never met them again . for you I 've done so many experiments . In an accident , i realized that my suitcase seemed to be able to cut the storm out . It can preserve the traces of the last era ,	I never met them again. for you I've done so many experiments. In an accident, i realized that my suitcase seemed to be able to cut the storm out. It can preserve the traces of the last era,
vertin_01_00028	1	tidy		like these photos . So i tried to put newspapers , mushrooms , w ap alo oses into the case . They all succeeded , however , when it comes to the friends I made in the last era , I failed	Like these photos. So i tried to put newspapers, mushrooms, w ap alo oses into the case. They all succeeded, however, when it comes to the friends I made in the last era, I failed
vertin_01_00029	1	tidy		. It doesn 't work on ordinary people . Maybe I should just record the time and spend no feelings on what I see , as the foundation asked me to do . I think so	It doesn't work on ordinary people. Maybe I should just record the time and spend no feelings on what I see, as the foundation asked me to do. I think so
vertin_01_00030	1	tidy		. When you were sailing out at sea on the radio , Reg ulus had cried out , shouted to the full moon . It was the beginning of the month , so it 's impossible to have a full moon . In the sky , the real moon	When you were sailing out at sea on the radio, Regulus had cried out, shouted to the full moon. It was the beginning of the month, so it's impossible to have a full moon. In the sky, the real moon
vertin_01_00031	1	tidy		was to the west of you . There were two moons that night . There is someone that Can see what I see in this world . so I decided to try it again .	Was to the west of you. There were two moons that night. There is someone that Can see what I see in this world. so I decided to try it again.
vertin_01_00032	1	tidy		for the last time not good Se ems our suitcase has been found . By crit ters , maybe . Or just someone passing by . Sorry , I need to leave for a while . N eed to hide	For the last time not good Seems our suitcase has been found. By critters, maybe. Or just someone passing by. Sorry, I need to leave for a while. Need to hide
vertin_01_00033	1	tidy		it somewhere safe . This is my own will . I don 't want to stand aside and watch you be carried away by son net to . Le aving no sign of you after the storm .	It somewhere safe. This is my own will. I don't want to stand aside and watch you be carried away by Sonetto. Leaving no sign of you after the storm.
vertin_01_00034	1	tidy		On top of that . There is something I want to find out myself . the truth	On top of that. There is something I want to find out myself. the truth
vertin_02_00035	2	word	1.193	If they shake the suitcase like this , regul us will probably fall apart . Mr Apple , I need your help . Hide it in the tree hole this time . It shouldn 't be that easy to be found . The sub c ulture movement has indeed changed the social . St	If they shake the suitcase like this, Regulus will probably fall apart. Mr. Apple, I need your help. Hide it in the tree hole this time. It shouldn't be that easy to be found. The subculture movement has indeed changed the social status
vertin_02_00036	2	word	0.520	atus of some ar can ists . While in the nineteen twenties , there are still many injust ices . Mr Apple , how long will it take for the suitcase to be completely invisible ? Reg	of some arcanists. While in the 1920s ... there are still many injustices. ... Mr. Apple, how long will it take for the suitcase to be completely
vertin_02_00037	2	word	0.509	ulus , no one 's here . The light . Did she go to another room , Reg ulus ? Why are you there ? Her voice doesn 't sound right . I should go and take a	No one's here. The light is off. Did she go to another room? Regulus! Why are you there? Her voice doesn't sound right. I should go and take
vertin_02_00038	2	word-fallback	0.130	look . Reg ulus , Reg ulus , I can 't hear at all . The fog is getting thicker . The light . m ine is two dimensional .	Look. Regulus, Regulus, I can't hear at all. The fog is getting thicker. The light. m ine is two dimensional.
vertin_02_00039	2	word-fallback	0.000	time は い 。 I seem to have seen this . it 's . i Son ato . why Is it because I touched ? that	Time 。 I seem to have seen this. it's. i Sonetto. why Is it because I touched? that
vertin_02_00040	2	word-fallback	0.000	line what Why did you all black out ? What happened ? I don 't seem to be affected . hmm I should come back and check again later .	Line what Why did you all black out? What happened? I don't seem to be affected. hmm I should come back and check again later.
vertin_02_00041	2	word	0.483	Hi . I 'm coming . you are awake how do you feel Any discomfort ? oh Hi	I'm coming. You are awake ... How do you feel? Any discomfort
vertin_02_00042	2	word	0.758	Let me explain . reg ulars apple What I invited you to join before is The St . Pav lov Foundation . As for Dr . Pepper , I think Son net to will find a way .	Let me explain. Regulus, Apple, what I invited you to join before is ... the St. Pavlov Foundation. As for Dr. Papper, I think Sonetto will find a way. Sure
vertin_02_00043	2	word	1.146	I 'm sorry . [vocal] The foundation is currently the charity that can provide the best treatment for ar can ists . There is no doubt about it . Every few years , the foundation select s talented	I'm sorry ... The Foundation is currently the charity that can provide the best treatment for arcanists. There is no doubt about it. Every few years, the Foundation
vertin_02_00044	2	word	0.778	ar can ists from children around the world . They go to orphan ages . and ad mon ition centres And even fish out unique ones from the prisons and detention centres . I was also one of them . Since I can remember	arcanists from children around the world. They go to orphanages and admonition centers, and even fish out unique ones from the prisons in detention centers. I was also one of them. Since I can remember
vertin_02_00045	2	word	0.797	. I know it very well that I am alone . U nt il 1999 . When the first storm came は い 。 I seemed to see my mother . I was not	I know it very well that I am alone. Until 1999, when the first "Storm" came ... I ... I seem to see my mother. ... I was
vertin_02_00046	2	word	1.219	sure . All of us , our memories of nineteen ninety - nine are blurred . I can only remember that she was placed on a laboratory bed surrounded by many medical staff . They shouted	sure. All of us ... our memories of 1999 are blurred. I can only remember that she was placed on a laboratory bed, surrounded by many medical staff. They shouted
vertin_02_00047	2	word	0.940	her name and mine . And I can 't remember anything else later , no matter how hard I try to ask . The official answer I got was always no such person . I have no intention to make enemies of the foundation	her name and mine. ... And I can't remember anything else. Later, no matter how hard I tried to ask, the official answer I got was always "No such person". I have no intention to make enemies of the Foundation
vertin_02_00048	2	word	1.041	, as I said . I just want to find out the truth , all the truth about nineteen ninety nine . I know what you said to Son net o just now as exped ient . I can still	As I said, I just want to find out the truth ... all the truth about 1999. I know what you said to Sonetto just now is expedient. I can
vertin_02_00049	2	word	0.982	help you get out of here . Then come back as soon as you finish the registration . The foundation is open to the public , but it 's still heavily guarded . So	help you get out of here. So you mean ... You will join me? You have other thoughts? Thank you. Then come back as soon as you finish the registration. The Foundation is open to public, but it's
vertin_02_00050	2	word	1.097	you have seen what the storm was like . Thank you for bringing the message , Son net to . so What 's the first mission for our team ? I see . The forces of the men ace expand dramatically	you have seen what the "Storm" was like? Thank you for bringing the message, Sonetto. So, what's the first mission for our team? Rescue the arcanists? I see. The forces of the Manus expand dramatically year by
vertin_02_00051	2	word	0.565	year by year . To stop the trend . We do need additional man power . but C en eto . Did you have oranges just now ? There is a scent of orange on the capsule .	year. To stop the trend, we do need additional manpower. But ... Sonetto, did you have oranges just now? There is a scent of orange on the capsule. Maybe that's
vertin_02_00052	2	word	0.491	Maybe that 's my mistake . If there is no question . We are ready to go . we should go I will carry it with me along the way .	that's my mistake. If there is no question, we are ready to go ... Hurry up and help! ... We should go. I will carry it with me along the way. But
vertin_02_00053	2	word	0.484	but reg ulars It 's fine . they won 't know How 's it going ? It will probably take some time for them to wake up . H ide them under the car	It's fine. They won't know. Stun them first. How's it going? It will probably take some time for them to wake up. Hide them under the car
vertin_02_00054	2	word	0.802	first . we don 't have much time Let 's hurry up to the hidden position . m r apple Why are you a little upset ? There 's still thirty minutes . Who 's coming early ? Dam n it .	first. We don't have much time. Let's hurry to the hidden position. ... Mr. Apple, why are you a little upset? There're still 30 minutes. Who's coming early ... ... Damn
vertin_02_00055	2	word	0.836	let 's go En ough . Those unconscious ar can ists behind you . Are the original victims right ? You were bringing them back to Man us ville , dictate .	Let's go! Rescue Adam Heyer. Enough. Those unconscious arcanists behind you ... are the original victims, right? You are bringing them back to
vertin_02_00056	2	word	0.706	answer my question D if ference in talent . Is never and never will be the reason to dep rive people of life . [vocal] Wait . There 's an address on the seal . ho ly potion	Answer my question. No one should be killed. ... Difference in talent is never, and never will be the reason to deprive people of life. Wait. There's an address on the seal
vertin_02_00057	2	word	0.793	bar the ward en Son eto . Up date the result to the headquarters . Let 's move on to the next destination . THE WOO DEN It may have the answer to all the questions .	Bar, The Walden. Sonetto, update the result to the headquarters. Let's move on to the next destination. The Walden ... It may have the answer to all the questions. Speaking
vertin_02_00058	2	word	0.509	Spe aking of which , son net to . Have you ever heard of a ghost story about fire ? oh So it is said that in the early twent ieth century . There was a devastating forest fire in Washington .	of which, Sonetto, have you ever heard of a ghost story about "fire"? Oh. So it is said that in the early 20th century, there was a devastating forest fire in Washington
vertin_02_00059	2	word	0.774	Those who died unfortunately didn 't want to leave . And they turned into dark ghosts in the woods . They follow the trave llers without making any sounds . And in order to see everyone 's face clearly . they will	Those who died unfortunately did not want to leave, and they turned into dark ghosts in the woods. They follow the travelers without making any sounds, and in order to see everyone's face clearly, they will
vertin_02_00060	2	word	0.451	L ots of unknown creatures , son ato stay behind me . [vocal] no too many of them [vocal] We can only take one round at most , not for long . Come	of unknown creatures! Sonetto, stay behind me! Everyone, get ready to fight! No, too many of them. We can only take one round at most, not for long. Coming again
vertin_02_00061	2	word	0.562	again . care ful Let 's go , Mr . Apple . It 's a good thing . Maybe we covered son eto . As long as one of us can leave the woods , there is hope for the rest . Too late to climb up the slope	again. Careful! Yes. I trust you. Where do we meet then? ... It's a good thing. Maybe we covered Sonetto. As long as one of us can leave the woods, there's hope for the rest. Too late to climb up the slope
vertin_02_00062	2	word	0.886	. Get ready to fight , Mr . Apple . How much longer can you hold on the hills ? Here you are , please allow us to assist you .	Get ready to fight! Mr. Apple, how much longer can you hold on? ... Who are you? ... Why are you in such a high place? Please allow us to
vertin_02_00063	2	word	0.729	Thank you very much for your help , Miss Dru vis . Yes , what is the storm gathering stock ? Why does it always have something to do with financial securities ? H 'm ,	Thank you very much for your help, Ms. Druvis. Yes. The exit on the northwest ... It's quite close to The Walden on the map. What is the Storm Gathering? Stock? Why does it always have something
vertin_02_00064	2	word	0.551	you were not going . Hello , please get me Madam 's Eve , the St . Pav lov Foundation Committee . I request access to the historical intelligence on the U . S . financial	You are not going? Sign the real name. Hello. Please get me Madam Z of St. Pavlov Foundation Committee. I require access to the historical intelligence on the U.S. financial
vertin_02_00065	2	word	0.528	market in 19 29 , specifically the date for the Wall Street stock market crash . And how much oct an on was involved in the methods of stock exchange . also I request sending back up to reinforce us for the storm gathering tonight . C ash or whatever quiet	market in 1929, specifically the date of the Wall Street stock market crash, and how much arcanum was involved in the methods of stock exchange. ... Also, I request sending backup to reinforce the Storm Gathering tonight. Casual
vertin_02_00066	2	word	0.992	. cop y that Thanks for coming to assist . I just don 't feel good about this . Hope fully it 's my mis jud gment . Is everyone in position ?	Copy that. Thanks for coming to assist. I just don't feel good about this. Hopefully it's my misjudgment. Is everyone in position? ... They
vertin_02_00067	2	word	0.847	got it Let 's head down to the ward en now . you follow apple Rem ember to stay low profile . Did you find out the relationship between Man us and Dick T aine him ? shit [vocal] I 'm going .	Got it. Let's head down to The Walden now. You follow Apple. Remember, to stay low profile. Did you find out the relationship between Manus Vindictae and him? It's her?! S**t! ... I'm going
vertin_02_00068	2	word	0.817	don 't worry you 've been there The scent of orange and son net was mission capsule . That 's why you can hij ack the host ages outside the parking . Why did you go to the foundation ? Can 't the manners give you what you want ?	Don't worry. You've been there? The scent of orange on Sonetto's mission capsule ... That's why you can hijack the hostages outside the parking? Why did you go to the Foundation? Can't the Manus give you what you want? What
vertin_02_00069	2	word	0.853	What if I say I can provide you with a shelter . The market is really dropping out of time to accelerate the history like this . Is that for I	What if I say, I can provide you with the shelter? Ugh! The market is really dropping ahead of time. To accelerate the history like this ... is that for
vertin_02_00070	2	word	0.462	'm fine ? Why are you behind the stage ? But you seem well . Thank you , this . Those behind him are men of the mal ice vind ict ive . I finally got the answer	fine. Why are you ... behind the stage? You seem well. Thank goodness. Those behind him ... are men of the Manus Vindictae! Correct. I finally got the answer
vertin_02_00071	2	word-fallback	0.324	. You were using the history to exped ite the storm , community conflicts , turbulent history . NE W TE CH N OL OG Y ALL OF TH ESE MAY LE AD TO THE ST OR M S IN CE THE L AST DAY OF N IN ET E EN N IN ET Y N	You were using the history to exped ite the storm, community conflicts, turbulent history. NE W TE CH N OL OG Y ALL OF TH ESE MAY LE AD TO THE ST OR M S IN CE THE L AST DAY OF N IN ET E EN N IN ET Y N
vertin_02_00072	2	word-fallback	0.207	INE THE WOR LD START ED TO GET RE VER S ED BY THE ST OR M ONE AF TER AN OTHER WH ICH P AST DO YOU W ANT TO R ET UR N F IF TY YE ARS A GO A century ago or . They 've reconstruct ed the building , all the exits	INE THE WOR LD START ED TO GET RE VER S ED BY THE ST OR M ONE AF TER AN OTHER WH ICH P AST DO YOU W ANT TO R ET UR N F IF TY YE ARS A GO A century ago or. They've reconstruct ed the building, all the exits
vertin_02_00073	2	word	0.440	are blocked . Le ave four behind for the team . Everyone else move . Don 't get caught . They 've made an underground l abyrin th in the spe ake asy . The end of the l abyrin th . What will that be ? Is Schne	Leave four behind for the team! Everyone else move! Don't get caught! They've made an underground labyrinth in the speakeasy! The end of the labyrinth, what will that be? Ok. Then ... ... Is
vertin_02_00074	2	word-fallback	0.000	ider C asting an arc ane skill . She 's near us . But why can I sense that ? no It 's nothing . You make the call . There will be many unexpected	Ider C asting an arcane skill. She's near us. But why can I sense that? no It's nothing. You make the call. There will be many unexpected
vertin_02_00075	2	word	1.003	dangers in the l abyrin th . We need to move carefully . Yes , I heard the sounds of the street . Can you find her position ? m r apple [vocal] They have an apostle . go	dangers in the labyrinth. We need to move carefully. Yes. I heard the sounds of the street. Can you find her position? We're here to help. Stay calm, miss. Uggh ... Let go ... Mr. Apple! The "Heaven Apostle
vertin_02_00076	2	word	1.219	run freely le ave the rest to me	Run freely. Leave the rest to me
vertin_03_00077	3	char-prefix	0.550	Sennatocomehere.Ismybookwallstillthere?Shedidn'tpushitdown,right?Sheisnice.Unlikethebadpotioninstructorwhoturnedmybooksintoapuddleofmud.Ohright,guesswhatIfoundto-day.Heregivemeyourhand.Look,theforetelleroftherain,thehyaluraboria.Icaughtitthroughtheschool'sfrontgate.IevengotstungbytheelectricfencewhenItookmyhandsback.Itkeepscroakinginmypocket.Look,it'sstillrainingoutside.Huh?Why?Justbecausethestudenthandbooksaysso.Idon'tlikethehandbook.Itsmellslikethosestinkysocksintheattic.Sonata,aren'tyoureallycuriousaboutwhatisoutsidetheschool?Youwerealsointhatparadeoutsidetheschoolbefore.thepebblesthefrogsTheatticofstinkysocks.That'sjustateenytinypartofthewholeworld.Ioncemetagirlwhocametoourschool.Untilthedayweloselifeitself.todeathno[vocal]I'msorry.Ijustwantedtoseeyouclearly.Sinceyourspeechwassowonderful.Annie.questionhmmWhatisthestorm,sir?MayIask?Howmuchfartherdowehavetogo?Tillwegettotheguardhouse.Okay。Okay。Ipromise.thisis[vocal]thejamiwamsocoolItsaidthatthechemiseofmarvellouscreatures.EvenKingSolomonsearchedforthemforyears.theyareincredibleengraversMoreskilledthanthegreatestcraftsmanamonghuman.Theycanengraveonleaves,metalandgemstones,buildasacredtemple.Ordestroyagiantvessel.butnowThey'vebecometoolsforpunishingnaughtykids.ohIthurts.Therewereatleastafewhundredchimerees.Andthey'reallmovingtowardsme.Theinstructdidteachtwoincantationstorepelinsects.Butchemisearenotanyordinarybalm.Theywereinfact.Akindofadvancedcritter.Theelementaryarcaneskillswon'tworkonthem.Letalonetherearenosignsofmyarcaneabilitiesuptillnow.maybeI'mnotanarcanistatall.ouch不是。Pleasedon'tbitemetwotimesinarow.nostopIhavetofocusnow.TheremustbeawayIcanthinkof.Hoptotherefirst.[vocal]waitWHYNOSHIMMERSHEYhmmThesethingsstickingtomyshoeare.Oh,brands.I'vejumpedoverhere.Thechemisejustkeepcrawlingtowardsthegrains.Seemsthattheyarenotorientatedbysounds.Whatmatterstothemisthegrain.ButIcan'tstayhereforever.Therearefoodineverycorner.Hewillgetheresoonerorlater.hmmTheycan'tdoanythingtothisballblanket.woahOh,sothat'sthecase.Thelegendsaysthatthewaytostorechimerewormsistowraptheminwoolandstoretheminacontainermadeoflead.whichmeansthewallofthisroomshouldbemadeofthisispoisonoustothemWell,tomeaswell.IhaveeverythingIneed,grainstolowerthemandwolvestodrivethemaway.ThesolutionsaremorethanIexpected.Allright,let'smove.Expelthemtothecorner.Finallygetthemalltothecorner.哼I'mabithungry.Ohright.I'llcheckwhatthispadlockismadeof.Andseeifitcanbeconsumedbytheschmez.Isee.withplentyoffoodonthegroundShemanswon'tnoticetheironwarehangingabove.sirTimetotryabrandnewdish.Hewoegentlemen.Whoareyou?yesAndsoyoucanleavewithoutabackwardglance.Nowaythen.Butifyoudon'tcomeback.Theinstructwillgiveusaharsherpunishment.I'mjustsneakingoutforfood.I'llbeback.Whatwouldyouliketohave?[vocal]noproblemI'llbringsomemashedpeastoo.yeshowaboutyouAnyoddthingsinyourroom?Isaid.thatwordpowerIsaidofthepreprayedassembly.[vocal]Idon'tunderstand.ItwashimwhosaidthatIcanaskanyquestionsthatIwant.Ihearditfromthejanitorofourdormitory.Thatwasthelastthinghesaid.Isawhimbeingescortedoutsidetheschoolgate.Andontoatruck.Hescreamedallalong.Thestormiscoming.Thestormiscoming.Um,Isaidagain.shootIaskedmanypeople.Butnonemustgothetuan,sir.UncleMorrissaidthejanitorlefttheschoolataninappropriatetime.Andsawsomeinappropriatethings,soheneededtreats.[vocal]Whatdoyoumean?TheWorldChangingStorm.Truthcoveredbythefoundation.Itdoesn'ttellusexactlywhatthewordiseither.There'salineinboldattheendofthearticle.WelcometoManusVendicte.What'smanifestingday?Somethinghasbeenprintedonthebacktoo.Hum,letmesee.Norhappiness,norharmony,norfame,norpride,norstrength,norskillinarmsorarts.Shepherdthoseherdswhomblindnessmakestame.Tidesruninblindbytheirever-beroutine.Stainingthatheavenwithobscenecalamity.WHENFOLLYWRECKSWITWHEREDOSTANWEIGHBeforeacruelweb.manwhommanwouldbeOntheraw,theempireofhimself.initmustbesupremeStoppushingthescrew.Unfoundedwill.quailingchallengesofhopesandfearsbeinghimselfalonewhodoyesAreyoucoming?Sothat'swhatyoumean.Idon'tcare,Joseph.Youcandealwithitasyouwant.I'mmessingwithyou.HowwouldyouprovethatIwroteit?That'snotwhatmywritinglookslikewhenIusemyrighthand.Nowyouaretheoneholdingthenote.Icouldsayit'syouwhowroteit,right?sirI'llcalltheinstructoroverforyou.ohIneedtohidequickly.Atleastthere'llbetwo,Iguess.Isabella,whenshehadjustgotintotheschool,shewascryingallthetimeandwantedtogohome.Maybeshewillcome.ohthereMissusJunior.It'sapillow.PennyMatilda,youareallhere.Whatabsolutelynot.I'veneverthoughtofthat.Ididn'texpectsomanyofyou.Somanyofyouinschoolarejustliketheringandme.wanttoknowmoreaboutthethingsoutsideOurlifeisallabouttraining.Peaceandmankind.nothingelseWehavedifferenthaircolors.speakwithdifferentaccentsandcastdifferentarcaneskillsButthestudenthandbookasksustoforgetaboutallthese.Itaimsateliminatingourdifferencesandensuringconformityintheschool.Thatpoeminspiredmewithsomanythings.Wearethechosenones.Wearemeanttobeatthebackboneoftheprimarydefenceformankind.Butallofyouheretoday.muststillbecuriousAboutwhoyoureallyare.Andwhatisintheworldoutside?Wecannotleavehere.Butwecanknowthetruththroughanotherway.fellowstudentsBeforeenteringtheschool.Wheredidyoulive?Whatkindoflifedidyoulead?Didpeopletherecastincantationstoo?Didtheylikescornjustaswedo?Bypiecingtogetherourmemoriesfromallovertheworld.Wecanrebuildtheveryworldoutside.[vocal]ohtheymaybeupsetOrblameus.butLet'sgiveitatry.thesongSoundsmuchbetterthanitwasbefore.Wereyouondutyyesterday?Okay，yes。Sir,pleaselistentous.Pleasegiveusachance.Letusbe,letusbeourselves.Isabella.Protectisabella.Stepback,stepback,protectyourself,don'tgethurt.Listen,standincircle,handinhand,showguysinside.Watchoutfortheguardbatons,don'tgethurt.I'mfine.Itdoesn'thurtsomuchnow.Ithurtmorethantheteargasburnedme.Proudtohearyousayso.Butwewon'tsingitanymore.Ithinkotherstudentsarestilllockedintheguardhouse.Thankyouforyourkindness.Ihopetheywillhavethechancetousethem.It'sallright,ring.Whatwe'regoingtodothistime.ismuchmoredangerousthanlasttimeAndwemayloseeverythingwehave.[vocal]lookThisisthefullmapofourschool.Includingtheaerialviewoftheschoolsandtheblocksnearby.Ifoundthetechnicaldrawingsoftheairdefencerenovationinthelibrary.Andaddedthemissingundergroundtunnelparttothemap.Ididn'trealizeuntilIputallthesetogetherandfoundthattheundergroundairraidtunnelconnectsthenorthwestandsoutheastwatchtowers,andthetwofirstfloorsofthesetowersaretheonlytwoexitstowardstheoutsideworldasidefromthegate.Thesafestplanistogototheclinicthroughthegirls'dormitory.Thereisonlyadoorbetweenthesoutheastporchtowerandtheclinic.Takingthechemisewithus,thenwedon'thavetoworryaboutthekeys.themaponlyshowstheblocksoutsidethesoutheastwatchtower.inoticedthattherearemanyoptionsfortransportationintheneighborhood,easyforescape.Thenumberofelityouhasrecentlyincreased,airdroppingpackageswithvariousstaff.Maps,newspapers,headlining,foundationcoverart,survivalguides.Theyevendroppedsomefieldbrushesrecently.Bycoincidenceornot,Ithinkthismanhasbeendictateshelpingusallthetime.Yes,weshould.goodThenthisisit.Preparefoodandclothes.Thebreakawayactionstartsaweeklaterfromnow.What'swrong?Matilda.Youlooklikeyou'recrying.matildaWewon'tforceyoutodoanythingyoudon'twantto.afterallWeareherebecause.Wearelongingforfreedom.Weoncefoughtsidebyside.Thatwouldbeenough.ohBythewayCouldyoutellourplantomesswithmyjuniorforme?Sheisoneofustoo.Idon'twanttoleaveherbehind.yearsafterWhenIthinkthatescape.StillfeelslikeIwasinachessgameplayingagainstaninvisibleenemy.BackthenIknewnothingaboutchessnorresigning,letalonethefactIwasintheZugzwang.It'simpossibletogototheclinicthroughthegirls'dorm.Theclinicisnowcrowdedwithpeople.Wemustgiveuptheroadtotheselfieswatchtower.wehaveanotheroptiontogototheclassroomfirst,thenentertheairytunnelfromthelibrary.exactlyoncewegetdowntothetunnel,wewillbemuchsafer.haveyouleftthewindowopenatthefirstfloor?Themostdangerouspartisfromthedorms.Thelibrarynotonlywillwepasstheclassroom,butalsobeexposedundersurveillanceofthecentralwatchtower.Okay,nowsplituponcethecentralwatchtower'slightisout.Wemove,IwillseeyouundertheAtwelvewindowofthelibrary.AndthesecrystalearringsaregiftsfromMatildabeforeIleft.Weartheseandwecanheareachotherwithinacertaindistance.that'sallBecareful,Iwillseeyousoon.copyBecareful,keepintouch.Peopleintheclassroomdistractthem.Fewsportstrips.Nowisthetime.Go.everyonegotothelibrarynowIt'sdifficulttosneakoutofthedormatthistime.Yes,bylaw.Ifwegetstoppedbythesupervisor.Bepreparedforconflict.Headsdown,staylow.Don'tgetcold.greatgoamazingEverything'sgoingsowelltoday.youkeepwatchingWe'llberightthere.Accordingtothemap,wearenowoutofthelibrary.Keepgoing,everyone.noIt'sthunder.It'sabouttorain.Everythinggoessowelltoday,toowellmaybemakingmeuneasy.What'swrong?Youareairforcefromzeno.Whatareyoudoinghere?Sheisasoldierwithfieldexperience.Ifwecan'ttakeadvantagewithinthefirstfewrounds.YouguysretreatimmediatelyandI'llcoverforyouaslongasoneofuscangetoutofschool.Ourplansucceeds.Sonato,whyareyouhere?[vocal]Weareleaving,senator.Thankyouforyourassistance.Goodbye.Yes,wehavepreparedforeverythingthatcouldhappen.Noregrets.[vocal]Wechoseadifferentfuture.Butfuturehasnorightorwrong,sonnetto.gobackGetyourselfoutofthesethings.Don'tletdownyourguard.Letmesee.you'reright好。oh	Sonetto! Come here. Is my book wall still there
vertin_04_00078	4	word	0.984	Hello , leader behind Man us vind ict ae . Why do I have the right to say no ? So what are the three questions and how do you indul ge in my suffering ?	Hello. The leader behind Manus Vindictae. Why? Do I have the right to say no? So, what are the three questions? And how do you indulge in my suffering
vertin_04_00079	4	word	1.178	What the foundation isn 't the storm created by you , Schne ider . Yes , we are looking for the arc ane antibody immune to the storm . And I 'm	what? The Foundation ... Isn't the "Storm" created by you ... Schneider!! Yes. We are looking for the arcane antibody immune to the "Storm" ... And I
vertin_04_00080	4	word	0.847	the only successful subject , asymm etric immune protein G . [vocal]	the only successful subject. Asymmetric ... Immune Protein G ... I [vocal]
vertin_04_00081	4	word	1.220	[vocal] [vocal] I will join you . I rarely meet them . Most of them are deserted . In the	[vocal] [vocal] I will join you ... ... I rarely meet them. Most of them are deserted. In the
vertin_04_00082	4	word	0.704	mental hospital the correction al institution The abandoned orphan age in the streets that no one sets foot on . A great one . I don 't need it . oh Oh .	mental hospital, the correctional institution, the abandoned orphanage, and the streets that no one sets foot on. ... A great one. I don't need it! Why
vertin_04_00083	4	word	0.935	why I 've decided to join you . The three questions all done . It 's already over . Re ady enough . or ange Why are oranges here ?	Why? I've decided to join you! The three questions are all done. It's already ... already enough! ... Orange? Why oranges here
vertin_04_00084	4	word	0.923	Sch ne ider . how did you become so young wow where am i The orange tree feels so real .	Schneider? How did you become ... so young ...? Where ... where am I? The orange tree feels so real
vertin_04_00085	4	word	0.491	W arm breeze , the familiar scent . I 'm here to pick oranges . Hey . Ah , thank you for wiping the mud	breeze, the familiar scent ... ... I'm here to pick oranges. Eh hey. Ah, thank you for wiping the mud off
vertin_04_00086	4	word	0.839	off my face . Who says I 'm not skilled ? Obs erve , let me pick up that big orange at the top for you . Just climb up here , take a small jump , then I 'll get it . Hey , I	off my face. Who says I'm not skilled? Observe. Let me pick up that big orange at the top for you. Just climb up here, take a small jump ... then I'll get it ... ... Hey! I got
vertin_04_00087	4	char	0.533	gotit.嗯。IIthinkIjustsawacritterdidn'twatchmysteponedrivingitaway.	got it! I ... I think I just saw a critter ... Didn't
vertin_04_00088	4	word	0.888	You often see strange creatures . Are you also an ar can ist ? Ah , the crit ters are making trouble now . Wait a minute , I will deal with them soon . In the future ,	You often see strange creatures ... Are you also an arcanist? Ah, the critters are making trouble now! Wait a minute. I will deal with them soon. In the future
vertin_04_00089	4	char-fallback	0.386	willyoualsocometotown,Schneider?嗯。Idon'tfeellikeit.I'vebeenwondering.Don'tyouthinkthisorange?taste	Willyoualsocometotown,Schneider? 。Idon'tfeellikeit.I'vebeenwondering.Don'tyouthinkthisorange?taste
vertin_04_00090	4	word	1.212	bitter Sch ne ider . Why are you covered in blood ? the pistol no no no don 't come over	bitter? Schneider?! Why are you covered in blood ... The pistol ... No, no, no! Don't come over
vertin_04_00091	4	word	1.020	Sch ne ider . why I 'm sorry . ha	Schneider?! Why ...! I'm sorry. So
vertin_04_00092	4	word	0.491	The storm syndrome turned money into food in people 's eyes . It 's so ridiculous . Miss Bur nt Branch . sh ould have come from a row an tree right I have seen this	the Storm Syndrome this time? You don't need to do this. Why do you blame them? In the "Storm," there is no life. This burnt branch ... should have come from a rowan tree, right? I have seen this tree in
vertin_04_00093	4	word-fallback	0.000	tree in Ireland and South West England . It is often called quick beam . Der ived from old German means stay alive . R owan is full of vital ity , even if it is transplant ed from Europe to North America .	Tree in Ireland and South West England. It is often called quick beam. Der ived from old German means stay alive. R owan is full of vital ity, even if it is transplant ed from Europe to North America.
vertin_04_00094	4	word-fallback	0.000	It grows vigor ously and stretches into a vast forest . In the most dangerous days in the Celt ic calendar , people wear gar lands and . The fair ies of Rou en to pray for its blessing for vital ity . How ever ,	It grows vigor ously and stretches into a vast forest. In the most dangerous days in the Celt ic calendar, people wear gar lands and. The fair ies of Rou en to pray for its blessing for vital ity. How ever,
vertin_04_00095	4	word	1.049	an unexpected fire destroyed all of them , just like the storm . It 's there for no reason . People like this branch whose life was brutally term inated , they worked out . they tried	an unexpected fire destroyed all of them. Just like the "Storm." It's there for no reason. People, like this branch, whose life was brutally terminated, they worked out
vertin_04_00096	4	word-fallback	0.000	to eat these soft ened gold bars and sold the food that 's no longer valuable . people worked so hard to understand life with their own logic because they just want to live as much as possible . but not go back in time	To eat these soft ened gold bars and sold the food that's no longer valuable. people worked so hard to understand life with their own logic because they just want to live as much as possible. but not go back in time
vertin_04_00097	4	word	0.719	Is this little row an branch really alive , Miss Dru vis ? You used ar can um to keep it the moment when it was burned . Once you disp el the ar can um . It would not be what it is now . I think you are	Is this little rowan branch really alive, Ms. Druvis? You used arcanum to keep it at the moment when it was burned. Once you dispel the arcanum, it would not be what it is now. I think you are clear
vertin_04_00098	4	word	0.510	clear , Miss Tre vis , that . every tree l ives for tomorrow al right Your wound hasn 't healed . Can 't get hurt anymore . Stay behind me	clear, Ms. Druvis, that ... Every tree lives for tomorrow. Uggh ... ... Alright. Your wound hasn't healed. Can't get hurt anymore. Stay behind
vertin_04_00099	4	word	0.824	. This is a cage . She wants to catch us . The Ex eter two is our last chance . Bre ak through . oh it hurts	This is a cage. She wants to catch us! The exit at two is our last chance! Breakthrough! Uggh ... It
vertin_04_00100	4	word	0.678	The slime on the th orns will make your body stiff . Be careful . no We can 't be trapped here . Let me try again . FL AM M EL FL ICK ER oh It bounced back .	The slime on the thorns will make your body stiff. Be careful! ... No. We can't be trapped here. Let me try again! Flamo Flicker! Ugh!! ... It bounced back ... How? How is
vertin_04_00101	4	word-fallback	0.325	how How was the th orn cage so tough ? It fed all your way . Ah , damn it , why ? I 'm not sure . There	How How was the th orn cage so tough? It fed all your way. Ah, damn it, why? I'm not sure. There
vertin_04_00102	4	word	1.214	must be a way . It just takes time . What are you talking about ? I don 't understand . It 's too risky , and - but what you said ,	must be a way. It just takes time. What are you talking about?! ... I don't understand ... It's too risky, and ... But what you said
vertin_04_00103	4	word	0.981	she , she heard it all . the second the first and on the ground altogether	She ... She heard it all. The second, the first, and underground
vertin_04_00104	4	word	0.709	three secret chambers in the spe ake asy the remaining material rooms study rooms and corridor on the second floor cross out the most large where he placed a park schne ider should be in one of the rooms on the other two floors	three secret chambers in the speakeasy. There are mainly material rooms, study rooms, and corridor on the second floor. Cross out. The most likely place to park Schneider ... should be in one of the rooms on the other two floors
vertin_04_00105	4	word	0.676	. it 's a pity that the patrol man could not be confirmed . I 'm afraid a battle will be inevitable . B ring the healing potion . other pot ions med ical equipment food M as ks of the Man us and The row an branch	It's a pity that the patrolmen could not be confirmed. I'm afraid a battle will be inevitable. Bring the healing potion, other potions, medical equipment, food, masks of the Manus, and ... The rowan
vertin_04_00106	4	word	0.507	sprout ed . The symbol of protection and blessing . I 'll take it . go It 's weird . It was a straight path when investigating .	The symbol of protection and blessing ... I'll take it. Go. It's weird. It was a straight path when
vertin_04_00107	4	char	0.935	[vocal]someone'scomingIshouldhidefromthem.嗯。whyTherowanbranchseemstobepullingme.Doesitwantmetochoosethepathwheretheyare?	[vocal]Someone's coming. I should hide from them. Why ...? The rowan branch seems to be pulling me? Does it want me to choose the path where they are
vertin_04_00108	4	word	0.521	Okay 。 Then I 'll wait for them to go over . Both his appearance and voice have changed . Just like the believers who can 't talk . Is it because of the mask ? or arc	then I'll wait for them to go over. Both his appearance and voice have changed, just like the believers who can't talk ... Is it because of the mask
vertin_04_00109	4	word-fallback	0.439	ana No , I can 't stay any longer . I need to pass through here and go to the underground before anyone else comes . m ine hands th ine order I 'm Vert in . A follower like	Ana No, I can't stay any longer. I need to pass through here and go to the underground before anyone else comes. m ine hands th ine order I'm Vert in. A follower like
vertin_04_00110	4	word	0.885	you . Please let me pass . He can 't be caught into sense . Is he moving just by instinct ? I can only stun you first . Sorry .	you. Please let me pass. He can't be talked into sense ... Is he moving just by instinct? I can only stun you first! Sorry
vertin_04_00111	4	word-fallback	0.000	m r ro bert foot steps At least five or six people . I should go downstairs quickly . the underground Another turn off .	Mr ro bert foot steps At least five or six people. I should go downstairs quickly. the underground Another turn off.
vertin_04_00112	4	word	0.812	Are you really showing me the way ? Then og re laughed . oh so close Just avoided another group of guards . It 's a wine - room . Schne ider is not here next .	Are you really showing me the way? Then ... I'll go left. So close. Just avoided another group of guards ... It's a wine room. Schneider is not here. Next ... This
vertin_04_00113	4	word	1.220	This is a floating staircase going down . Is there another fourth space ? Fine , last bet , I 'll go down .	This is ... a floating staircase going down?! Is there another fourth space? Fine. Last bet. I'll go down
vertin_04_00114	4	word	0.807	I found you Schne ider . We both how come we should have time to first aid . Sch ne ider	I found you ... Schneider! Weak pulse ... How come? We should have time for first aid ... Schneider
vertin_04_00115	4	word	0.531	, oh thank goodness you 're fine , drink these . And this eat , you must have been hungry for so long . It 's the leftover cake from dinner . I can 't bring too much with	Thank goodness you're fine. Drink these. And this. Eat. You must have been hungry for so long. It's the leftover cake from dinner. I can't bring too much with me
vertin_04_00116	4	word	1.220	me . Hang in for a while . They will send you out here tonight . I just don 't know . How did you do that ? When you bumped me . The bullet did hit your chest .	me. Hang in for a while. They will send you out here tonight. I just don't know ... How did you do that? When you bumped me ... The bullet did hit your chest
vertin_04_00117	4	word	1.220	I didn 't have the chance to talk to her alone . But I think . Since I can meet you now . maybe Maybe she shares the same dream with us . Sch ne ider . Now	I didn't have the chance to talk to her alone. But I think, since I can meet you now, maybe ... Maybe she shares the same dream with us. Schneider. Now
vertin_04_00118	4	word	1.031	you need to save your strength . Don 't open your eyes until you meet Son net o . I 'll see you in the relief shelter .	you need to save your strength. Don't open your eyes until you meet Sonetto. I'll see you in the Relief Shelter. You
vertin_04_00119	4	word	0.604	These pow ders are not poisonous . Al so , the potion he 's brewing doesn 't do any obvious harm . It smells nice . even like why Does he really want to treat the	These powders are not poisonous. Also the potion he's brewing doesn't do any obvious harm. This smells nice. Even like ... Why? Does he really want to treat the patients
vertin_04_00120	4	word	0.517	patients ? imp ossible oh Rel ief supplies , so that 's it . Lots of reserve food and oil , medical	patients? Impossible. Relief supplies?! So that's it ... Lots of reserved food and oil, medical
vertin_04_00121	4	word	0.770	supplies , emergency supplies , and temporary infrastructure tools . With out official support , man is vind ict ive needs supplies to gain a fo oth old in different er as . The so called peace before the storm is to cover up the	supplies, emergency supplies, and temporary infrastructure tools ... Without official support, Manus Vindictae needs supplies to gain a foothold in different eras. The so-called peace before the "Storm" is to cover up the transport
vertin_04_00122	4	word	0.887	transport of supplies . No , ten is too late . I must . Me et son ato before that . It 's a misunderstanding . I don 't have the potion . It will be delivered very soon .	transport of supplies! No. Ten is too late. I must meet Sonetto before that! It's a misunderstanding. I don't have the potion. It will be delivered very soon. Crap
vertin_04_00123	4	word	0.517	C rap , other people will be attracted here . I need to take him down . Sorry , take a rest . You can no longer waste your energy like this .	Other people will be attracted here! I need to take him down ... ... Sorry. Take a rest. You can no longer waste your energy like
vertin_04_00124	4	word	0.470	Miss Dru vis . no I 'm picking them up . yes U nt il we see tomorrow . with our own eyes Will	Druvis ... No. I'm picking them up. ... Yes. Until we see "tomorrow" with our own eyes. Will
vertin_04_00125	4	word	0.623	you come with me , Tru vis ? tra vis tra vis En ough , don 't live in the past . your blessing Once brought me	you come with me, Druvis? What?! He used the potion as fuel for explosion? Druvis! Druvis ...! Enough! Don't live in the past! Open your eyes! Your blessing ... once
vertin_04_00126	4	word	0.991	fortune . and hope Now I will give this blessing to you . I will share my tomorrow with you . What 's your steps ? le ave with me Le ave the flashlight . get up I 'll carry you and jump	fortune and hope. Now I will give this blessing to you. I will share my "tomorrow" with you. Watch your steps. Leave with me! Leave the flashlight. Get up. I'll carry you and jump
vertin_04_00127	4	word-fallback	0.000	out . oh for get me no so oner or later You will be destroyed by your own hatred . Your good luck won 't last long .	Out. oh for get me no so oner or later You will be destroyed by your own hatred. Your good luck won't last long.
vertin_04_00128	4	word	0.472	D esp ite the coming storm or the foundation 's reinforce ments , there is only one ending to your story . We belong to the future . Forget me not . Son eto Reg ulus .	the coming "Storm," or the Foundation's reinforcements, there is only one ending to your story. We belong to the future, Forget Me Not. Sonetto ... Regulus ...? Your
vertin_04_00129	4	word	0.805	Your hands are trembling , son net to . Cal m down , you did nothing wrong . We are together now , aren 't we ? There are more challenges for us to take . It 's not the time to catch up .	Your hands are trembling, Sonetto ... Calm down. You did nothing wrong. We are together now, aren't we? There are more challenges for us to take. It's not the time to catch up. We're
vertin_04_00130	4	word	0.847	We 're in trouble , everybody . Keep fifty feet away from her , correct ? And one day I will be back and beat you personally .	We're in trouble ...! Everybody, keep 50 feet away from her! Correct. And one day ... I will be back and beat you personally
vertin_04_00131	4	word	0.895	The enemy is coming . Everybody protect yourselves . We can 't relax yet . De fe at the shadows first . Please everybody hold on . [vocal] fin ally	The enemy is coming! Everybody protect yourselves! We can't relax yet. Defeat the shadows first! Please everybody hold on! Finally
vertin_04_00132	4	word-fallback	0.395	[vocal] wh ose people shall be no more [vocal] bar rel six hours left In the	[vocal] Wh ose people shall be no more bar rel six hours left In the
vertin_04_00133	4	word	0.601	following time . S ympt oms will get worse . The influence scope of the storm syndrome will be further expanded . how should we spend the last hours	following time ... symptoms will get worse ... The influence scope of the Storm Syndrome will be further expanded ... How shall we spend ... the last
vertin_04_00134	4	word	0.870	And what can I do ? Sch ne ider . [vocal] son at au yes sen	And what can I do? Schneider ... Sonetto ... Yes
vertin_04_00135	4	word	0.519	ato This time I want to hear everyone 's wishes . Yes , if this was the last moment in your	This time, I want to hear everyone's wishes. Yes. ... If this was the last moment in your life
vertin_04_00136	4	word	1.016	life , what wish would you want to make ? I think . There is a way to address your problems , Mister Carson . En joy the dinner ,	life ... what wish would you want to make? I think ... there is a way to address your problems, Mr. Karson. Enjoy the dinner Ms
vertin_04_00137	4	word-fallback	0.000	Miss S other by prepares for every one to - night . I didn 't know you prayed . You 're the last one to tell me your wish . Al though you won 't go , I still want to know . wow	Miss S other by prepares for every one to - night. I didn't know you prayed. You're the last one to tell me your wish. Al though you won't go, I still want to know. wow
vertin_04_00138	4	word	0.822	The storm is here . [vocal] Good - bye , Schne ider . I 'm sorry . your family	The "Storm" is here. ... Goodbye. Schneider ... I'm sorry. Your family ... What
vertin_04_00139	4	word	0.874	[vocal] What do you mean ? I I don 't understand . A deal . You mean the storm will also . no why You 've never eaten the gold bar	[vocal] What do you mean? I-I don't understand ... Goodbye?! You mean the "Storm" will also ... No!!! Why? ... You've never eaten the gold bar in
vertin_04_00140	4	word	0.998	in front of us . Are you always toler ating it ?	in front of us!! Are you always tolerating it
vertin_05_00141	5	word	0.464	H m , prepare the teleport soft disk . I see . I have a question for you , Sm etto . In the field mission evacuation instructions , apart from the part about asking the time keeper for help . Is there anyone else we can reach out to for rescue ? Well , she did try her best to pick the music . Th ough no one is in the mood , I think this piece is not bad . As to regul us 's question , we need to slightly tw id dle this knob to nineteen thirteen . I can apply for a ship for you , but it 's not guaranteed . I see , I have only one question . I used to allow a point of contact for the foundation , Madam Z . Then I have no further questions . That base the Man us used to keep at Zel ity House four years ago . It has never been reversed by the storm . I 'd like to investigate that place again . It used to be the nest of a le et le house . A kind of creature resting in valleys with abundant water resources . What 's more . It 's winter now . You 're not planning on destroying this place now . Are you regul ars ? Miss M aw son . Welcome to the team . Mad am Z said you 're an excellent tutor in ar can um . Acc ording to Madam Z . Miss Mo iss an used to be S othe by 's private teacher . There might be some clues that are invisible . Reg ulus is a specialist in optical arc ane skills . Maybe she can find something . I see . Do you mind us investigating this place ? It won 't be long . Wait a second , Reg ulus . Show me the thing in your arms . No , the supply box . It has my name on it , as far as I know . No one is called by that name but me . Reg ulus , wait , don 't what end of the twent ieth century voice of the millenn ium is this radio broadcasting news in nineteen ninety nine miss . What 's your six ? Let us help you . The era of nineteen twenty - nine only lasted for two days . The frequent change of time mud dles work and responsibilities in the foundation , which in turn caused some chaos within it . L uck ily , Miss Mor zon noticed the signs of it at the beginning . This is . The Man us Master used to stay immune to the storm . What a familiar name . Does that mean ? It 'll be possible for the scientific computing center to develop protective gears which are immune to the storm . Like the man ast ars . Thank you , mes mer . I 'll be careful . How do you feel now ? I 'm sorry about what happened to the rehab center . That 'll be the next thing to find out in our investigation , I think . Man us fend ict ae always has more information on the storm and how to be immune to it . We 've been trying our best to keep up with their progress . f ortunately Now we have another direction . Thank you , son net to . With these files are the help of regul ars . That should be enough . This interrog ation won 't get us anywhere . La place didn 't detect any unusual arc ane marks on her . Yes , I understand what you mean . But for now , the evidence can 't support our speculation . A field trip may be helpful . I guess . What 's your plan ? Will you come with me ? I 've informed Mad em ois elle . This will be the first official field mission of our team . S other by and J erv is are still on leave . They will not take part in this action . One Miss Mor zon will stay put in the foundation 's headquarters as our contact . The Apollo star we just heard about means the sun . The Ford Se xt ant Model T is an arc ane device produced in the early 19 th century . The scientific computing centre has one of those as a part of their collection . The g org on current is mostly created in the A ege an Sea . ne ar the b alk an peninsula I remembered an arc ana magazine in the nineteen sevent ies . had a detailed article about this and introduce the circulating current I read it in the period ical room in SP ED M . The current will be flowing backwards every time the earth is at a feeling and par ah el ion . This is also known as the current reversal . Which is on the third day of January in July this year . And the time in the outside world is . Jan uary 1 , 1914 . reg ulars You 've been longing for a ship . ha ven 't you What if I tell you ? that i 've got you on It 's not working . I 've tried different ways , but the temp has blocked every signal I sent for help . Wait . There might be another way . I 'm sorry , Miss Radio . I need to bore you for a second . F illed mission evacuation instructions . Art icle 21 . When ever there is an emergency . The field officer may send an S OS code with their ones through any transmission device with round buttons on it . Any foundation member nearby will provide immediate humanitarian aid . to send the code Please turn the knob . one time to the right H alf to the left . and then one time to the right if you succeed You shall hear . Thank you so much . we are We were under attack by a giant sea monster when sailing in the g org on current . Please help us ash ore safely . Not good , it 's crawling into the cabin . It plans to tear the ship apart from the inside . everyone watch P ardon me . Are you talking about my pocket watch ? i I don 't understand . Do you mean this is the right time ? you 're saying Where in 2007 ? Do you know the storm ? I don 't understand . I 'm v ating . what I 'll ask something else instead . What is this place ? What island ? Maybe another question . Did a bi ographer named Ar d visit her before ? In 1999 . Sorry to interrupt . But I only meant to ask about Earth , the bi ographer . She had been here on this island and written a travel note . C alled roaming in apron . Does the name or the book ring a bell ? You 've also been incredibly helpful , Reg ulus . You rebuild my confidence in communicating with people . Have you seen son ata when the others ? Sen ator . these people are to What if we know about the eman ation ? We are the investigators from st p ablo foundation . We are glad to share the information about the storm . oh the eman ation Please grant us entry to this island so that we can share them . I 'll explain to you later . Tr ust me . Please the matter . It 's clear then . Real numbers refer to ar can ists . And imaginary numbers mean humans . So it 's not determined by our lineage , or regul us would have been an integer too . But they used modern mathematical terms . I 'm not . Girl talked about Cap rica . He was an Indian mathematician . A ctive in the first half of the twent ieth century . I think they are not living in complete isolation . They are still in contact with the outside world . This place wouldn 't be affected by the storm . Just like the el ity al base . F ound ation headquarters and my suitcase . The travel notes in nineteen ninety nine . Man us cript details showing off an ill iter ate base . The storm all . emin ence . they must be somehow connected And we 'll find our answer here . I think This is not good . We need to separate them . This is an arch a ic al kan ist group we 're dealing with . I assume they have their own reason for these . So that 's what their judgment is based on . This is not good . they seem dangerous Reg ulus , come to my side . The arc ane skills cast by the congregation on this island are very different from those we have seen . Mr Apple is with Reg ulus . She won 't be in danger for now . Let 's follow Sophia . no I 'll come with you , son ato . I can 't sense any sign of arc ane skill on this stone . The oath is more of a form ality than a curse . But when Sophia repaired the floor in front of us with her arc ane skill . There 's no fluct uation of arc ane power either . I can 't even sense the slightest signs . It 's either a kind of arc ane skills we 're not able to detect . oh The moment we stepped onto this island . I know son net to . But as long as we obey their rules . We won 't get into other trouble . The doctrine of the app aron is to live in sol itude and seek nothing but the truth . In fact they 've never been aggressive towards us yet We haven 't spotted any traces of the men ace here . which means We need to find out the truth . I wish to be baptized in the water of g nosis and be rid of the long darkness of ignorance . I choose to leave the fragments of matters behind me . And enter the great hall of forms as clean as a newborn . I swear to reveal no secrets . All my heart shall be taken by the v ulture . my body consumed in flames My soul trapped in the endless wheel of birth . I apologize , Miss Sophia . I won 't defend our behaviour . these flowers are But won 't you be in trouble for helping us ? Does that mean you will help us ? What chance ? I 'd be glad to give this chance to you . what It 's valid . I see . So that 's how it works . bl acks I will help you . i object [vocal] There 's no time left . sel etto Thank you . I 've heard your preach ment . CH RIS SE Y D EMA GO GU IT I 'm sorry . What do you mean ? It doesn 't seem like trouble to me . [vocal] I appreciate that . I 'll sign it . sh ush the peace agreement She 's doing well . Thanks to you . But Schne ider should be the victim of a merc il ess bullet . [vocal] What 's mal ice then dict ates purpose to be here . A wooden box in the ill iti ates base has my name on it . What 's that you 're doing ? It 's burning . I heard that you completed all the lessons on the scripture . This laure l w reath suits you well . That was not your fault , son ato . It is now behind us . I need to tell you something more important . I 've signed a peace agreement with O ' Con nor , and the price of breaking it is death . Yes , she put it on without hesitation . But I don 't think her purpose would be as simple as he ark ening the ancient wisdom . I attacked man as followers earlier as thirty - seven asked me to . But I receive no punishment from the b angle . Perhaps this island makes its own judgment on what to be classified as host ility , like it has a mind of its own . Son ato , do not . S upp ort this to the headquarters before we figure out how the b angle works . After all , there are many other things to investigate on this island , other than Man us v ind ict ae . I tried to collect some samples last night in the outer region of the island . But the detecting device showed nothing . If we were to find out more . We have to go to the center area . [vocal] L ilia . Did n 't you say you have regul ars with you safely ? [vocal] Do we have to go through this debate again ? for get it We are counting a new son ato . I have a feeling . We are coming closer to a big secret . Why do you keep referring to the storm as the eman ation ? What does the eman ation mean ? Every record here can perfectly match what is in the foundation 's files . wait These are the records before 2003 , you say . But this one refers to the storm in 1966 . which happened recently You made such precise prediction even without leaving the island . [vocal] That 's incredible . th irty seven Where is your mother now ? The form you said . th irty seven What is it ? th irty seven We see the storm very differently . Am ong all the other things . We saw it first of all as a disaster . I 'm sorry for mentioning your mother . I don 't get it . Why did you say my number is zero ? Two hundred and ten told me numbers imply our fate . This is indeed an extreme comment . What about your number ? What does thirty seven mean ? No . It 's not junk . I think I know why your model didn 't work . Man is V end ic de has changed history . They accelerated history , forcing historical events to happen earlier than they were supposed to . Thus , the storm in nineteen twenty - nine occurred sooner than it should . I 'm telling the truth thirty seven . I 've been there in the storm of nineteen twenty nine . Your model was not wrong . You just missed some key information . You 've never been to the place where the storm falls and thus know nothing about the symptoms of the storm syndrome . And the true purposes of Man us ville dictate . I swear I wasn 't lying . Th irty seven weight . I remember Sophia once told us that tresp assing on the sacred place is a serious crime . Hold there , something is coming out . They 're coming for us . Reg ulus , prepare for battle . The stone bundle is activated . But they 're just a pra xis . reck less Wait for their attack . do not kill them Listen to me , Reg ulus . That 's of prime importance . These are not the same kind of a bra xus as we 've encountered before . Do they have different varieties ? Don 't rush to conclusions . B ully 37 1 st . oh And what 's that series you were talking about ? What book is it ? You want to read these books here . Be careful , regul ars . And how do I submit my proof ? the storm the eman ation The storm syndrome . Where are they from ? F ound ation , Man us , vind ict ive , apron . What roles do they play ? Why does the storm fall when history tremb les ? Why doesn 't the storm fall into the mist y land ? What is the ingredient of asymm etrical nuclei , are it 's burning . What 's going on . Is somebody fighting with a mal ice now ? What 's happening outside the cave ? Th irty seven , thirty seven , what happened ? What all those illusions ? If it weren 't for the heat of the stone b angle that wakes me up , would I go as crazy as they did ? This stone reminds me of the spinning wheel . The collector of asymm etric nuclei are , if the reag ent turns gold after reacting with the f ulk it , that means . The fog contains elements that can be immune to the storm . The color changed faster than I thought . The concentration of r is hundreds of times . no Th ous ands of times higher than in the man ass as masks . In other words Who ever owns this cave . Can produce the protective equipment of the storm in big numbers . Is that the reason why o ' con nor is here ? I need to take thirty seven out of here . So the abra xis were people from the manners . The focus can affect people 's minds . Like goes around the lake in my suitcase . H alf the Man us found a way to launch attacks without being punished by the Bang o . Or don 't they care about the price they will be paying anymore ? I hope Reg ulus didn 't throw my words to the wind . I have to get rid of them first and go out to join the others . The cave is the key to be immune to the storm . There is a cave on this island . which has the same effect as my suitcase That 's what the man is after .	Prepare the Teleport soft disk. I see. I have a
vertin_06_00142	6	word	0.807	Yes , here are their background reports . I wrote for your per usal . This is S othe by , a well - educ ated lady born in a traditional Can is family . She comes from an extremely privileged background . Her family had a special . In f luence	Yes. Here are their background reports I wrote for your perusal. This is Sotheby. A well-educated lady born in a traditional arcanist family. She comes from an extremely privileged background. Her family had a
vertin_06_00143	6	word	0.946	around the world , besides she has limited social skills and scientific knowledge . It will be difficult to assim ilate her . Mr . Apple under his modest and gentle appearance lies a sharp perception by . N ature	around the world. Besides, she has limited social skills and scientific knowledge. It will be difficult to assimilate her. Mr. Apple, under his modest and gentle appearance, lies a sharp perception by
vertin_06_00144	6	word	0.577	being so er ud ite , he always has his own views of our historical intelligence . As far as I know , he remains upset about Captain Reg ulus 's invol unt ary affili ations with the foundation . While regul us has never been	Being so erudite, he always has his own views of our historical intelligence. As far as I know, he remains upset about Captain Regulus's involuntary affiliations with the Foundation. While Regulus has never been truly accepted
vertin_06_00145	6	word	0.531	truly accepted by the foundation , she has missed out all the education and training a member of the foundation should have received . The influence left by the outside world on her is like a banner among the ordinary staff in the foundation . and A banner way	accepted by the Foundation. She has missed out all the education and training a member of the Foundation should have received. The influence left by the outside world on her is like a banner among the ordinary staff in the Foundation. A banner
vertin_06_00146	6	word	0.521	too sal ient . Once the banner was held up . New arguments were raised . and thus Ex acer b ated the fact ional conflict inside the foundation .	too salient. Once the banner was held up, new arguments were raised, and thus exacerbated the factional conflict inside the Foundation. But the
vertin_06_00147	6	word	0.516	But the conflict has been there . all the time and it only grows The group that believes in mankind 's supremacy . Is splitting the foundation 's belief apart . The conflicts cannot be covered by	the conflict has been there all the time. And it only grows. The group that believes in "mankind supremacy" is splitting the Foundation's belief apart. The conflicts cannot be covered by regulations
vertin_06_00148	6	word	0.581	regulations any more , Madam Z . The storm has been here for eight years . N one of the people who are left behind can shake off the influence it brought . H uman technologies are being reversed . While ar can um is blooming	regulations anymore, Madam Z. The "Storm" has been here for 8 years. None of the people who are left behind can shake off the influence it brought. Human technologies are being reversed, while arcanum is blooming
vertin_06_00149	6	word	0.948	. The unexpected first storm brought more than half of the foundation 's elite members away from us . the number of staff of the house of integr atus and the committee c ann ot compare with that of their hey day even now In order	The unexpected first "Storm" brought more than half of the Foundation's elite members away from us. The number of staff of the House of Integratus and the Committee cannot compare with that of their heyday even now. In order to
vertin_06_00150	6	word-fallback	0.000	to cont end against man 's vind ict ive , we have kept absorbing ar can ists from the outside world . However , the diss enting voices have only grown louder . L oud enough to be heard and have become a faction	To cont end against man's Vindictae, we have kept absorbing arcanists from the outside world. However, the diss enting voices have only grown louder. L oud enough to be heard and have become a faction
vertin_06_00151	6	word	0.686	that couldn 't be shaken , the mankind 's caucus . B ey ond their control , these new ar can ists only brought fear . They demand an unch all enge able power to make decisions and a h ars her control of ar can ists	that couldn't be shaken—the Mankind Caucus. Beyond their control, these new arcanists only brought fear. They demand an unchallengeable power to make decisions and a harsher control of
vertin_06_00152	6	word	0.518	. Mad am Z , I don 't want my friends or me to be the sacrifice of this conflict as we were four years ago . A neutral , safe and legitimate	Z, I don't want my friends or me to be the sacrifice of this conflict ... As we were four years ago. A neutral, safe, and
vertin_06_00153	6	word	0.781	place for us . I don 't know whose side you 're on , but I believe the future you pursue doesn 't end up with a foundation being split apart by fact ional conflict . That 's what I learnt from that storm y night .	place for us. I don't know whose side you are on. But I believe the future you pursue doesn't end up with the Foundation being split apart by factional conflict. That's what I learnt from that
vertin_06_00154	6	char	0.727	Youreyestoldme.Youdidn'tbelongtothatchessgame.nomatterwhatyourdecisionisThankyou.嗯	didn't belong to that chess game. No matter what your decision is ... thank you
vertin_06_00155	6	word-fallback	0.000	。ohloveLilyoh哼。	。ohloveLilyoh 。
vertin_06_00156	6	word	0.469	All good weather . my friends [vocal] the wind	good weather. My friends. Hmm ... The wind
vertin_06_00157	6	word-fallback	0.366	fe els so good Are they all right ? Ha ha . Thank you , thank you all .	Fe els so good Are they all right? Ha ha. Thank you, thank you all.
vertin_06_00158	6	word	0.712	Yes , everything is going to be all right . I 'm fine , fit as a fid dle , just a bit of a headache , nothing else . It 's good to see you again	Yes. Everything is going to be alright. What are we doing next? You will. Why are the leba bread here? I'm fine. Fit as a fiddle. Just a bit of headache, nothing else. It's good to
vertin_06_00159	6	word	1.219	. Thank you for being here , being around me . May I ask what good news ? Thank you for telling	Thank you for being here ... being around me. May I ask what good news? Thank you for telling
vertin_06_00160	6	word	1.220	me this . What do you mean ?	me this. What do you mean
